Datetime,Water Level (m)
2026-04-16 12:00:00,-1.2813929
2026-04-16 13:00:00,-1.6222881
2026-04-16 14:00:00,-1.3020513
2026-04-16 15:00:00,-0.29156885
2026-04-16 16:00:00,0.5531981
2026-04-16 17:00:00,1.1376251
2026-04-16 18:00:00,1.4427887
2026-04-16 19:00:00,1.4994643
2026-04-16 20:00:00,1.2048113
2026-04-16 21:00:00,0.6043772
2026-04-16 22:00:00,-0.051585525
2026-04-16 23:00:00,-0.77760977
2026-04-17 00:00:00,-1.4016868
2026-04-17 01:00:00,-1.9299608
2026-04-17 02:00:00,-1.7100623
2026-04-17 03:00:00,-0.48927107
2026-04-17 04:00:00,0.40981027
2026-04-17 05:00:00,1.1399146
2026-04-17 06:00:00,1.5228857
2026-04-17 07:00:00,1.7380297
2026-04-17 08:00:00,1.6087531
2026-04-17 09:00:00,1.0962918
2026-04-17 10:00:00,0.42062703
2026-04-17 11:00:00,-0.2479004
2026-04-17 12:00:00,-0.971056
2026-04-17 13:00:00,-1.5187413
2026-04-17 14:00:00,-1.8515615
2026-04-17 15:00:00,-0.9117611
2026-04-17 16:00:00,0.08798514
2026-04-17 17:00:00,0.8773823
2026-04-17 18:00:00,1.2904577
2026-04-17 19:00:00,1.5288556
2026-04-17 20:00:00,1.4396445
2026-04-17 21:00:00,0.98546064
2026-04-17 22:00:00,0.34187436
2026-04-17 23:00:00,-0.33898032
2026-04-18 00:00:00,-1.0526192
2026-04-18 01:00:00,-1.6326008
2026-04-18 02:00:00,-2.0374548
2026-04-18 03:00:00,-1.2487978
2026-04-18 04:00:00,-0.10747829
2026-04-18 05:00:00,0.780713
2026-04-18 06:00:00,1.4058809
2026-04-18 07:00:00,1.7921133
2026-04-18 08:00:00,1.8440359
2026-04-18 09:00:00,1.5337607
2026-04-18 10:00:00,0.945918
2026-04-18 11:00:00,0.24554248
2026-04-18 12:00:00,-0.5254891
2026-04-18 13:00:00,-1.1204907
2026-04-18 14:00:00,-1.6438797
2026-04-18 15:00:00,-1.6876938
2026-04-18 16:00:00,-0.51092386
2026-04-18 17:00:00,0.36430123
2026-04-18 18:00:00,1.0743558
2026-04-18 19:00:00,1.4384123
2026-04-18 20:00:00,1.5782992
2026-04-18 21:00:00,1.3802124
2026-04-18 22:00:00,0.81506914
2026-04-18 23:00:00,0.16566077
2026-04-19 00:00:00,-0.5645746
2026-04-19 01:00:00,-1.218688
2026-04-19 02:00:00,-1.8411523
2026-04-19 03:00:00,-1.9392136
2026-04-19 04:00:00,-0.75295967
2026-04-19 05:00:00,0.2370435
2026-04-19 06:00:00,1.0937911
2026-04-19 07:00:00,1.5995075
2026-04-19 08:00:00,1.8736155
2026-04-19 09:00:00,1.8353968
2026-04-19 10:00:00,1.4012337
2026-04-19 11:00:00,0.7566755
2026-04-19 12:00:00,0.05500597
2026-04-19 13:00:00,-0.69302595
2026-04-19 14:00:00,-1.2898672
2026-04-19 15:00:00,-1.7240999
2026-04-19 16:00:00,-1.3957936
2026-04-19 17:00:00,-0.28538555
2026-04-19 18:00:00,0.5321845
2026-04-19 19:00:00,1.1221076
2026-04-19 20:00:00,1.4058545
2026-04-19 21:00:00,1.4592242
2026-04-19 22:00:00,1.1627856
2026-04-19 23:00:00,0.5650694
2026-04-20 00:00:00,-0.06472353
2026-04-20 01:00:00,-0.7854824
2026-04-20 02:00:00,-1.3925158
2026-04-20 03:00:00,-1.8746278
2026-04-20 04:00:00,-1.5797782
2026-04-20 05:00:00,-0.35584176
2026-04-20 06:00:00,0.56440306
2026-04-20 07:00:00,1.3123643
2026-04-20 08:00:00,1.7625479
2026-04-20 09:00:00,1.9461346
2026-04-20 10:00:00,1.8078415
2026-04-20 11:00:00,1.3131068
2026-04-20 12:00:00,0.63586724
2026-04-20 13:00:00,-0.046093345
2026-04-20 14:00:00,-0.75959563
2026-04-20 15:00:00,-1.308432
2026-04-20 16:00:00,-1.6029572
2026-04-20 17:00:00,-1.0125651
2026-04-20 18:00:00,-0.049399383
2026-04-20 19:00:00,0.67830473
2026-04-20 20:00:00,1.1383443
2026-04-20 21:00:00,1.3639396
2026-04-20 22:00:00,1.3509465
2026-04-20 23:00:00,0.9678338
2026-04-21 00:00:00,0.3834771
2026-04-21 01:00:00,-0.24412777
2026-04-21 02:00:00,-0.9161857
2026-04-21 03:00:00,-1.4461708
2026-04-21 04:00:00,-1.7564185
2026-04-21 05:00:00,-1.0411202
2026-04-21 06:00:00,-0.038111508
2026-04-21 07:00:00,0.7877374
2026-04-21 08:00:00,1.3617849
2026-04-21 09:00:00,1.7748886
2026-04-21 10:00:00,1.8812513
2026-04-21 11:00:00,1.6415305
2026-04-21 12:00:00,1.133286
2026-04-21 13:00:00,0.4499275
2026-04-21 14:00:00,-0.19671257
2026-04-21 15:00:00,-0.8733721
2026-04-21 16:00:00,-1.3686395
2026-04-21 17:00:00,-1.5046477
2026-04-21 18:00:00,-0.7851487
2026-04-21 19:00:00,-0.0062347124
2026-04-21 20:00:00,0.6624903
2026-04-21 21:00:00,1.0481685
2026-04-21 22:00:00,1.2541307
2026-04-21 23:00:00,1.2005994
2026-04-22 00:00:00,0.80961233
2026-04-22 01:00:00,0.25973707
2026-04-22 02:00:00,-0.32107422
2026-04-22 03:00:00,-0.94301134
2026-04-22 04:00:00,-1.3883727
2026-04-22 05:00:00,-1.4894271
2026-04-22 06:00:00,-0.7645852
2026-04-22 07:00:00,0.0055921716
2026-04-22 08:00:00,0.73002476
2026-04-22 09:00:00,1.2387465
2026-04-22 10:00:00,1.5734254
2026-04-22 11:00:00,1.666358
2026-04-22 12:00:00,1.4305993
